Model,CV_F1,Accuracy,Precision,Recall,F1,AUC
SVM (Linear),0.7606747638326585,0.8611111111111112,0.7142857142857143,0.625,0.6666666666666666,0.8928571428571428
SVM (RBF),0.635,0.8611111111111112,0.8,0.5,0.6153846153846154,0.9107142857142858
Logistic Regression,0.7225062656641604,0.8333333333333334,0.625,0.625,0.625,0.9107142857142857
Random Forest,0.37142857142857133,0.8333333333333334,1.0,0.25,0.4,0.8839285714285715
